{
  "roc_auc_test": 0.8691286925955194,
  "ap_test": 0.40575355086868015,
  "prevalence_test": 0.06681904761904763,
  "threshold_val_star": 0.7000000000000001,
  "val_cost_weights": {
    "FP": 1.0,
    "FN": 5.0
  },
  "best_val": {
    "t": 0.7000000000000001,
    "cost": 764.0,
    "f1": 0.4482758620689655,
    "rec": 0.6215139442231076,
    "prec": 0.350561797752809
  }
}